,ID,Duration,Explicit,Popularity,Danceability,Energy,Key,Loudness,Mode,Speechiness,Acousticness,Instrumentalness,Liveness,Valence,Tempo,Time Signature,Preview
1,1cfMdMmJqBlLn4auevv0iB,439120,False,56,0.308,0.114,5,-20.291,1,0.0399,0.912,0.919,0.169,0.163,79.261,4,https://p.scdn.co/mp3-preview/ca290bc6435bc4fafce4be2ec69201326df36806?cid=28588cda247f4f599396da1ad5712d00
2,0cNc2tivyPqzgp13BSM7St,321951,False,54,0.483,0.186,7,-21.824,0,0.0409,0.939,0.873,0.115,0.498,150.87,4,https://p.scdn.co/mp3-preview/aa3ae3a83fe4879944578c7e73b9d0f121ef0122?cid=28588cda247f4f599396da1ad5712d00
5,3TSdkwPeUfvgLwNTF8gfC0,370384,False,58,0.601,0.314,5,-16.922,0,0.0353,0.526,0.878,0.0937,0.316,135.712,4,https://p.scdn.co/mp3-preview/4e4764b20498d16f1f0360470fe492d4726af272?cid=28588cda247f4f599396da1ad5712d00
7,6TAW00MAPvS59yEoIgtOEI,310054,False,57,0.492,0.205,9,-8.488,0,0.0577,0.983,0.893,0.122,0.109,128.315,4,https://p.scdn.co/mp3-preview/c35f6dcd86a93edf7abb636d0e7bd8a18d682ad5?cid=28588cda247f4f599396da1ad5712d00
8,5rWLLUMytrhz5KJwNjEn5q,145466,False,54,0.641,0.645,10,-11.351,1,0.0355,0.16,0.0444,0.0889,0.963,95.06,4,https://p.scdn.co/mp3-preview/1dbaba339ac7672efd57190a9447184256c873de?cid=28588cda247f4f599396da1ad5712d00
9,2qswPLZD9CbUoSidGNyxwm,280480,False,54,0.478,0.238,4,-17.115,0,0.0318,0.946,0.904,0.0978,0.178,126.188,3,https://p.scdn.co/mp3-preview/ef207587a562f441848d68f696aa50cc524eda4e?cid=28588cda247f4f599396da1ad5712d00
11,2iUrcZcAuVIahQD0dg9HLe,423573,False,58,0.496,0.634,5,-10.328,0,0.0364,0.779,0.402,0.0746,0.606,93.357,4,https://p.scdn.co/mp3-preview/df92b35695c5ecf6842f3a7e4056895d24fd18d9?cid=28588cda247f4f599396da1ad5712d00
14,6OH7UCFY7SEJxxQkaYfAv8,519600,False,53,0.651,0.143,5,-22.617,1,0.0531,0.752,0.421,0.138,0.601,78.792,4,https://p.scdn.co/mp3-preview/4cd2320bd96c3b79c668b64ca2cc5589e6a2ba61?cid=28588cda247f4f599396da1ad5712d00
22,7z4EbJbnbvWcP9Bg15fpgC,321157,False,52,0.441,0.321,10,-19.455,1,0.0324,0.856,0.854,0.236,0.594,89.776,4,https://p.scdn.co/mp3-preview/a06348428b47e18585d625d27874ad688a55b4b3?cid=28588cda247f4f599396da1ad5712d00
24,0FKnknau5UBXgN2Q6vVHgC,232377,False,48,0.559,0.479,11,-18.152,0,0.0429,0.678,0.861,0.215,0.485,99.782,4,https://p.scdn.co/mp3-preview/44ee6844143d3e3f6c48b76cac923a57b8924b92?cid=28588cda247f4f599396da1ad5712d00
25,7hDq6sOZ5Rl1XnSSfoOBRK,284186,False,53,0.438,0.182,2,-15.209,0,0.0338,0.983,0.841,0.119,0.0639,65.535,3,https://p.scdn.co/mp3-preview/c5a5dac4d3c317a70ad5388016c82e7746cfc52d?cid=28588cda247f4f599396da1ad5712d00
26,76XN6m7RzGYwnzngUGD6Tt,357573,False,51,0.468,0.388,9,-12.389,1,0.0275,0.886,0.362,0.107,0.125,112.455,4,https://p.scdn.co/mp3-preview/851970f853db85b35d18bbd41f645cbddee8a16e?cid=28588cda247f4f599396da1ad5712d00
27,0Pq0mOdgFXTezl6mMt8a39,255533,False,54,0.597,0.263,7,-21.112,0,0.0284,0.959,0.9,0.134,0.262,94.44,4,https://p.scdn.co/mp3-preview/3e093d0f23fca14240fa07f04b615872796fe73a?cid=28588cda247f4f599396da1ad5712d00
28,0sRAziWSeUedBSKjapsy9F,297875,False,55,0.464,0.0358,7,-20.836,0,0.0454,0.941,0.178,0.0836,0.187,77.57,3,https://p.scdn.co/mp3-preview/eddf5c067c970d32bdc8c98a7c486ebcf2161b9a?cid=28588cda247f4f599396da1ad5712d00
30,6eimz6jvlZaPwtflDWCTa0,301866,False,54,0.398,0.527,4,-16.591,0,0.0297,0.713,0.934,0.119,0.353,118.504,4,https://p.scdn.co/mp3-preview/3e94a0d8fb24d0d870fe9c07d0c35b3b49667386?cid=28588cda247f4f599396da1ad5712d00
34,77nLS9LOXJmdHaaOnppH33,155354,False,51,0.337,0.257,2,-12.472,1,0.0321,0.954,5.28e-05,0.122,0.428,59.803,5,https://p.scdn.co/mp3-preview/f96b409ba5b01374e81b8bb194dc9604802d01b4?cid=28588cda247f4f599396da1ad5712d00
39,2Sg3qUH02hlzKchItbq389,199413,False,51,0.533,0.28,1,-12.809,1,0.0653,0.466,9.83e-05,0.344,0.61,78.352,4,https://p.scdn.co/mp3-preview/d9be38468367fff5b6b6c4e70dfe14f9c6532ce2?cid=28588cda247f4f599396da1ad5712d00
44,4p4XgwnZJCYOWSvz8ruiOY,332640,False,48,0.5,0.284,0,-15.59,1,0.0404,0.272,0.0432,0.12,0.576,93.724,4,https://p.scdn.co/mp3-preview/b6d292d4445cf278bbcef1dee50e51a60f7c46bb?cid=28588cda247f4f599396da1ad5712d00
45,1GZD0TZJHmdQaZsucHBmWT,354573,False,54,0.517,0.273,10,-17.279,0,0.0627,0.866,0.774,0.979,0.321,63.423,4,https://p.scdn.co/mp3-preview/86aea8ad872bd6fe33fbdb9be9c752633aeac41b?cid=28588cda247f4f599396da1ad5712d00
132,2fYcpbTFptY9uRcaY56NRu,338926,False,53,0.475,0.289,5,-20.482,0,0.0531,0.9,0.803,0.109,0.0889,111.487,4,https://p.scdn.co/mp3-preview/6fa0029eb2499f344b41724a1a878a5dfa5200aa?cid=28588cda247f4f599396da1ad5712d00
133,5GWjxdXbCvHozYWvTO8qXr,263106,False,45,0.481,0.0647,6,-20.372,1,0.0339,0.909,0.927,0.104,0.233,133.626,1,https://p.scdn.co/mp3-preview/82510493b7cf3abe00dc259edb27d45d9aef6a5b?cid=28588cda247f4f599396da1ad5712d00
134,5Jz6iIgLRx5huCdlM8QDts,101386,False,53,0.389,0.127,7,-16.157,0,0.0392,0.99,0.958,0.111,0.0807,74.023,1,https://p.scdn.co/mp3-preview/8cef7f17c3a9f73f21d6575b67ef77c8fab487aa?cid=28588cda247f4f599396da1ad5712d00
135,1w0IXRQFCFcz2z07pdNH4s,357973,False,53,0.321,0.109,5,-21.097,0,0.0365,0.93,0.888,0.124,0.162,70.392,4,https://p.scdn.co/mp3-preview/ab9d8ae41f06e06690390994823f3465f8f77435?cid=28588cda247f4f599396da1ad5712d00
136,0LDytu1PRUdxTZ5YCMIZIC,252279,False,52,0.451,0.303,4,-11.883,0,0.0306,0.765,0.906,0.112,0.208,133.533,4,https://p.scdn.co/mp3-preview/70e740c216977444f69a021f35f894c901e98a5b?cid=28588cda247f4f599396da1ad5712d00
138,2SdthMHDqydhV2PceC9QBX,274106,False,49,0.492,0.291,0,-8.156,0,0.035,0.822,0.257,0.0634,0.383,172.723,4,https://p.scdn.co/mp3-preview/86c7a265a7cdcb12700efee947bcb74681b26b80?cid=28588cda247f4f599396da1ad5712d00
139,2XXfb3FToGrAOZKGJ1Nwhj,271250,False,53,0.417,0.45,1,-12.49,1,0.0443,0.148,0.889,0.0869,0.177,81.234,4,https://p.scdn.co/mp3-preview/8a38d765e53ae84d266814ab451f8cc2e9bffcda?cid=28588cda247f4f599396da1ad5712d00
140,5LgjJfkiN9BorHEUZV9M53,289637,False,51,0.481,0.0848,8,-14.908,1,0.0332,0.941,0.467,0.0865,0.103,125.901,4,https://p.scdn.co/mp3-preview/825ed94cf426790f41ede11190c16c6a808bb5d4?cid=28588cda247f4f599396da1ad5712d00
143,1ZW12FQBx3KZEkMAX6DxEx,326546,False,50,0.548,0.145,0,-13.298,0,0.03,0.884,0.154,0.116,0.373,83.969,4,https://p.scdn.co/mp3-preview/8885960ddfbf6633f41dabdd035f3a6c8453693f?cid=28588cda247f4f599396da1ad5712d00
147,2on2XttfSjE4rjGo3xyGVm,172373,False,57,0.555,0.206,9,-18.143,1,0.0303,0.808,0.891,0.111,0.352,135.954,4,https://p.scdn.co/mp3-preview/d2838027758cec9f369a0284e8ab7bee1b859807?cid=28588cda247f4f599396da1ad5712d00
150,5eIUDdG5pFjmshH9CsJgTV,222996,False,49,0.449,0.125,4,-14.653,0,0.0365,0.994,0.0604,0.0975,0.5,133.94,4,https://p.scdn.co/mp3-preview/6fb18e31d3b41660621317b23227ac226ae66dc6?cid=28588cda247f4f599396da1ad5712d00
151,4rH0C49g6oJcPzsHgCzNLQ,188716,False,50,0.533,0.215,7,-13.577,0,0.0313,0.969,0.923,0.115,0.172,126.765,4,https://p.scdn.co/mp3-preview/2f559b24eb5ccb02ce2195e5280a9b755144d480?cid=28588cda247f4f599396da1ad5712d00
154,4OiYyeJ4pxrcufdqLLxnAV,299106,False,55,0.699,0.443,0,-11.931,0,0.039,0.431,7.45e-05,0.096,0.616,99.059,4,https://p.scdn.co/mp3-preview/e34cf5d3545c5306fd2d378f30f70dc90b9210c8?cid=28588cda247f4f599396da1ad5712d00
155,1GLnM2xHIG9DdLGESEEA6n,131000,False,52,0.511,0.0337,2,-28.338,0,0.0439,0.985,0.931,0.0957,0.25,59.329,4,https://p.scdn.co/mp3-preview/b8109caa7d00e6f3a105bbf1d1d9d720a028493e?cid=28588cda247f4f599396da1ad5712d00
157,6ttNHrgyK11RvgYOdC6Vpn,488693,False,48,0.566,0.347,0,-10.048,1,0.0369,0.868,0.761,0.124,0.425,95.322,4,https://p.scdn.co/mp3-preview/baadcb7d97f8ac61e4372a9251ecaad94eab31d1?cid=28588cda247f4f599396da1ad5712d00
160,32wlGWGlQ2KfNb7bn3nvzI,308133,False,50,0.552,0.479,2,-15.634,0,0.0591,0.663,0.867,0.14,0.485,117.467,4,https://p.scdn.co/mp3-preview/b34498fa5413404ca14f838f444e8ccfb065cbda?cid=28588cda247f4f599396da1ad5712d00
162,0hNhCLpa4cYWwQ5OBCdbu6,325678,False,46,0.436,0.326,6,-15.108,0,0.0394,0.977,0.893,0.113,0.22,148.834,4,https://p.scdn.co/mp3-preview/05bfb843db4061f508b73e2d9a99dbc0c100ac9f?cid=28588cda247f4f599396da1ad5712d00
168,6Q8m3ux9ww9OMXlK7OrFkL,217879,False,53,0.33,0.0685,5,-16.607,0,0.0366,0.991,0.546,0.0858,0.181,77.309,4,https://p.scdn.co/mp3-preview/54309c3a4576a8f39a7e37bc6530e315a324617f?cid=28588cda247f4f599396da1ad5712d00
169,7I63rA0w2lgv2iMaS7NRjY,432386,False,49,0.534,0.32,0,-12.524,1,0.0373,0.93,0.736,0.11,0.157,83.022,4,https://p.scdn.co/mp3-preview/d6103391b982f5efe7b02e4764530db261526a35?cid=28588cda247f4f599396da1ad5712d00
177,6R2vR6b0jLJaJCZUvyp5Ax,360680,False,50,0.568,0.542,6,-10.167,1,0.0346,0.681,0.828,0.0513,0.565,123.899,4,https://p.scdn.co/mp3-preview/451a6ce8ef386d20dd7793103d07407241240b82?cid=28588cda247f4f599396da1ad5712d00
178,7GwGAzzPjj2adFxY2XcDgN,180020,False,48,0.692,0.0287,2,-22.509,0,0.0372,0.955,0.7,0.127,0.275,111.18,4,https://p.scdn.co/mp3-preview/af5b6b2d845eb1b0dffec39cf043cc3979ff32a4?cid=28588cda247f4f599396da1ad5712d00
182,7z6F8O9kR3n3g7zyc1wiAO,392746,False,41,0.571,0.264,7,-14.858,0,0.0329,0.721,0.854,0.113,0.333,139.961,5,https://p.scdn.co/mp3-preview/7e2ec48a3f1c8ba86fe7ff51e60d514b7c235324?cid=28588cda247f4f599396da1ad5712d00
184,3jzerzfM8lLFej7MAry7qG,315693,False,53,0.31,0.428,10,-13.055,0,0.0305,0.781,0.922,0.0478,0.582,92.294,4,https://p.scdn.co/mp3-preview/6134351260b5e7fa7efcc7b00e8e8626ebee2fa5?cid=28588cda247f4f599396da1ad5712d00
190,6QqXTZUL8O3y46rgDEWnsm,323600,False,49,0.352,0.0351,1,-22.254,1,0.0347,0.975,0.607,0.193,0.21,56.16,4,https://p.scdn.co/mp3-preview/2939291d652aed0b3781fa2e7ca8f71369263af3?cid=28588cda247f4f599396da1ad5712d00
192,0J6kTSVez9OjHlfoDqAJAB,513501,False,52,0.597,0.471,2,-8.24,0,0.038,0.872,0.707,0.686,0.575,123.177,4,https://p.scdn.co/mp3-preview/c4dfdd6adfae9338aceb430dcfb7363e68c7cb0c?cid=28588cda247f4f599396da1ad5712d00
197,7jPNoWAyDdfnzU3mUBI0HI,341345,False,57,0.458,0.485,1,-10.749,0,0.0385,0.38,0.919,0.199,0.434,131.356,4,https://p.scdn.co/mp3-preview/5a8ce6012e2e98d4952165b07ccd09ad41763d3f?cid=28588cda247f4f599396da1ad5712d00
198,6nGNzqlHTKugpRWkXrZkPC,447000,False,52,0.332,0.285,9,-13.385,0,0.0307,0.585,0.28,0.0837,0.0395,99.765,3,https://p.scdn.co/mp3-preview/a9ef0a470e447546df7cbb6fe0b042a7c1f2a14e?cid=28588cda247f4f599396da1ad5712d00
200,6kXk5A2Ea0NtN4H9xVvSc0,253577,False,50,0.767,0.705,5,-6.233,0,0.0508,0.402,0.145,0.0501,0.728,81.974,4,https://p.scdn.co/mp3-preview/499a570bc66f9a306b063ffc3006041f17bca1a2?cid=28588cda247f4f599396da1ad5712d00
201,0gg4oTlnC2lKRPtxcZ43Cn,244450,False,50,0.635,0.839,6,-5.081,1,0.0742,0.336,0.73,0.0512,0.752,100.048,4,https://p.scdn.co/mp3-preview/92db2a306418304dcf0761a47c39c50ff0d59644?cid=28588cda247f4f599396da1ad5712d00
202,7qqamkny8IkXOCJrhjy73L,272400,False,50,0.7,0.912,11,-6.592,0,0.0472,0.115,0.93,0.0947,0.807,99.998,4,https://p.scdn.co/mp3-preview/e9bc68f2eec3728b91e5d31339cdee15ddd4cc89?cid=28588cda247f4f599396da1ad5712d00
203,37bPydtyElNj0AERSVzGMM,294533,False,48,0.707,0.597,5,-9.335,0,0.0333,0.046,0.665,0.0958,0.552,88.006,4,https://p.scdn.co/mp3-preview/85f9a83cfe2078a6b917dd45b96b0f78455d26bf?cid=28588cda247f4f599396da1ad5712d00
204,1rhgEbGtMVOARoVGssCQDr,269981,False,51,0.442,0.712,3,-6.824,1,0.0825,0.346,0.131,0.67,0.696,147.347,4,https://p.scdn.co/mp3-preview/231f57208d1284da877f5c61bb594175af438baa?cid=28588cda247f4f599396da1ad5712d00
205,40NZRbLvSigXLan3jqYYYT,284573,False,49,0.579,0.358,0,-11.913,1,0.027,0.856,0.954,0.12,0.118,83.967,4,https://p.scdn.co/mp3-preview/f4fd44db0af9ace26f20a901c13e7ccf66da2325?cid=28588cda247f4f599396da1ad5712d00
206,2QOqnhCrTIqTLzByQD7YQJ,264453,False,49,0.708,0.892,6,-4.401,0,0.0296,0.715,0.909,0.112,0.746,125.028,4,https://p.scdn.co/mp3-preview/2df116af79f262554749fe3507dc4f7b0de7fc6c?cid=28588cda247f4f599396da1ad5712d00
207,5zicMKlbOqwkKr3iCuVJnS,282546,False,49,0.762,0.552,2,-8.484,1,0.0593,0.627,0.532,0.139,0.468,100.037,4,https://p.scdn.co/mp3-preview/eb11d48421d685e5e3eb86c0b00ffd07a7419fe6?cid=28588cda247f4f599396da1ad5712d00
208,2ZZ6st5XTa8wDNqsE1bHa7,310280,False,50,0.641,0.625,5,-11.644,1,0.0371,0.68,0.927,0.202,0.604,91.917,4,https://p.scdn.co/mp3-preview/210054beb254592d5f4f271465f8653b050f1b56?cid=28588cda247f4f599396da1ad5712d00
209,0L8KQ0yRTpqy1PMVzEHKax,260886,False,41,0.646,0.845,1,-10.554,0,0.0333,0.0959,0.917,0.273,0.503,100.028,4,https://p.scdn.co/mp3-preview/1c3cc320d4ffd11c8075191e788f4a35a7d37a57?cid=28588cda247f4f599396da1ad5712d00
210,5eB67ISqWfSnL5JJ9nd9kK,407640,False,49,0.66,0.684,8,-6.805,0,0.0835,0.174,0.735,0.0249,0.733,86.031,4,https://p.scdn.co/mp3-preview/44f5e09136ae1ff6ae58cf8ce2124293a627142e?cid=28588cda247f4f599396da1ad5712d00
211,3KHLV5FTalpbnNmmznJcVk,287400,False,49,0.507,0.8,0,-7.983,1,0.0307,0.732,0.857,0.352,0.702,167.774,4,https://p.scdn.co/mp3-preview/74cd133be1ed559f911ef4fa0c3ffbab9a58265b?cid=28588cda247f4f599396da1ad5712d00
212,2rtiJtfuR6nMofzbdq1y5V,313973,False,53,0.689,0.89,11,-9.896,0,0.0409,0.101,0.882,0.0831,0.791,99.981,4,https://p.scdn.co/mp3-preview/20f6c5a63db6b6ab994a4578267fbbb400d5176d?cid=28588cda247f4f599396da1ad5712d00
213,3y9l6PAbOOGYBH1AY4XaTO,243366,False,48,0.621,0.65,3,-9.925,1,0.0541,0.601,0.925,0.325,0.433,168.069,4,https://p.scdn.co/mp3-preview/a88cc78f6433b3c8962ee167f7db8de89b4406fb?cid=28588cda247f4f599396da1ad5712d00
214,1qgmJ4zIuP3PX0M5Exdv98,254000,False,44,0.643,0.59,4,-13.685,0,0.0348,0.54,0.835,0.113,0.863,99.989,4,https://p.scdn.co/mp3-preview/4b3c35f6b2372e09c1bd74a7e68d80638d4bdd99?cid=28588cda247f4f599396da1ad5712d00
215,1ZXt69SBkxQXPiVuMJ7RhH,282533,False,48,0.523,0.619,8,-6.097,1,0.0267,0.252,0.791,0.172,0.336,80.013,4,https://p.scdn.co/mp3-preview/7ee95c9253fe0b4e8c70c56a8bb925ea4b97fe65?cid=28588cda247f4f599396da1ad5712d00
216,6iCsFk2zf1INRexhJQzRM0,252333,False,50,0.635,0.315,8,-13.359,1,0.0281,0.9,0.803,0.326,0.149,131.806,4,https://p.scdn.co/mp3-preview/0dac4c5757ed0f713f7bc328e0ecfa160f1b56ed?cid=28588cda247f4f599396da1ad5712d00
217,09N0r6vIBIEbqcpuAYvKEL,264186,False,48,0.339,0.617,7,-9.396,0,0.0312,0.893,0.933,0.0857,0.726,91.328,4,https://p.scdn.co/mp3-preview/28d5e0eac106b9353ecee7fee5f8c2d9bf4ff75e?cid=28588cda247f4f599396da1ad5712d00
218,04fVzUHhEBwEHOOtWeKEUA,248626,False,44,0.725,0.507,5,-11.025,0,0.0363,0.779,0.816,0.108,0.886,76.002,4,https://p.scdn.co/mp3-preview/4e5009c2269fdb951064b68e89c3b8f4d8ccdcdc?cid=28588cda247f4f599396da1ad5712d00
219,3uVDjFLRPYfW2oiAJe6U8r,323573,False,48,0.693,0.7,6,-7.672,1,0.0327,0.609,0.00465,0.152,0.728,138.073,4,https://p.scdn.co/mp3-preview/87e90bf542f4f748564af1a50bc8303d4ee6c97a?cid=28588cda247f4f599396da1ad5712d00
220,1s769CVjgzGrBA4Aq6svfU,279186,False,48,0.612,0.583,9,-8.694,0,0.035,0.26,0.757,0.126,0.69,87.55,4,https://p.scdn.co/mp3-preview/462e5977bad64794d1078e6cfe87c97416c3271f?cid=28588cda247f4f599396da1ad5712d00
221,1sReMaCozvIHbnIlLF1GSx,299626,False,48,0.705,0.502,2,-10.847,0,0.0313,0.545,0.106,0.267,0.38,91.991,4,https://p.scdn.co/mp3-preview/de182d0ab5a07fbc12af18188d9c4fb6aa77e18c?cid=28588cda247f4f599396da1ad5712d00
222,5GpFYx5Q5h38LZnDamGBOB,309981,False,52,0.787,0.494,0,-9.384,1,0.0372,0.662,0.562,0.0979,0.588,91.99,4,https://p.scdn.co/mp3-preview/cecad31cfd060cfde6fcbf2d921626b6c287c21a?cid=28588cda247f4f599396da1ad5712d00
224,55xnJlHCwTVBPXF7IbpIns,241081,False,48,0.77,0.741,9,-5.851,0,0.0583,0.39,0.823,0.0414,0.807,101.936,4,https://p.scdn.co/mp3-preview/c753652059f9f020210056b9eda663063bf21adf?cid=28588cda247f4f599396da1ad5712d00
225,1Cg4LsGDv3saOFNXdeLHyq,295156,False,43,0.711,0.476,11,-9.448,0,0.0358,0.802,0.742,0.105,0.382,102.925,4,https://p.scdn.co/mp3-preview/57a3c5719cafb7e29d67c4c18084f30e19024f02?cid=28588cda247f4f599396da1ad5712d00
226,0uuGRLt4ZeRI4JLIDw4oEo,212613,False,51,0.587,0.42,1,-8.598,1,0.0281,0.72,0.469,0.113,0.371,61.954,4,https://p.scdn.co/mp3-preview/4cbc5240eda8655032e06857a9c121d728ed0345?cid=28588cda247f4f599396da1ad5712d00
227,51WHHNT2v0XYUAWoBGeMdx,200693,False,48,0.719,0.62,5,-6.796,0,0.0319,0.342,0.435,0.105,0.588,89.994,4,https://p.scdn.co/mp3-preview/21f485334959f5ef6a6e09dbfb03e2e59d109b9f?cid=28588cda247f4f599396da1ad5712d00
228,3A8ZJNLPBYKLt2r1pbRKeQ,249257,False,48,0.555,0.481,7,-5.687,0,0.0339,0.0485,0.114,0.0578,0.293,179.908,4,https://p.scdn.co/mp3-preview/82bfe06337da6d39543680950512816d8b3af118?cid=28588cda247f4f599396da1ad5712d00
230,14CjlC1OvoUWoKgggP5YNd,299583,False,42,0.721,0.677,5,-8.09,0,0.0512,0.572,0.823,0.127,0.511,98.028,4,https://p.scdn.co/mp3-preview/0e028f1e2cb72de7ddf849b03945108985ea3677?cid=28588cda247f4f599396da1ad5712d00
231,2ptNHiOb6DbdWytP2Nsslu,281413,False,47,0.527,0.605,0,-6.117,0,0.0397,0.0987,0.903,0.0837,0.601,176.116,4,https://p.scdn.co/mp3-preview/b786c31fcd10fa6d7aeba386ee6156492595f1ab?cid=28588cda247f4f599396da1ad5712d00
232,7wsOL6S0gabDU2OW95qlSq,245989,False,49,0.615,0.817,0,-7.147,0,0.103,0.57,0.589,0.17,0.553,80.223,4,https://p.scdn.co/mp3-preview/30a83c26d22e27e0833d563e795757d92803949b?cid=28588cda247f4f599396da1ad5712d00
233,26iTrELwsyYYDiZWnu2mFW,247653,False,47,0.633,0.731,2,-5.93,0,0.0317,0.477,0.286,0.08,0.342,150.001,4,https://p.scdn.co/mp3-preview/d18f1d2069e0c842268492e809a5e2281c971590?cid=28588cda247f4f599396da1ad5712d00
234,3vkk18EK3VoKePPFGUQhcH,262640,False,46,0.81,0.639,7,-9.925,0,0.035,0.575,0.8,0.0989,0.871,102.001,4,https://p.scdn.co/mp3-preview/72e1e0f95ec0e468b34dde991fd0b06090b4c2f7?cid=28588cda247f4f599396da1ad5712d00
235,40UbNyeFo1F7ETJ4zLi14e,247346,False,49,0.684,0.727,5,-8.807,0,0.0263,0.295,0.921,0.213,0.723,106.036,4,https://p.scdn.co/mp3-preview/ede190cd03f45eb132e092d39132371751a6ee5b?cid=28588cda247f4f599396da1ad5712d00
236,049VqBETqY4gIRJuOJyQuF,304266,False,50,0.532,0.387,3,-12.23,1,0.0291,0.854,0.859,0.121,0.305,76.075,4,https://p.scdn.co/mp3-preview/44b755b40cfb933b330b2ad055687cc7f27c5570?cid=28588cda247f4f599396da1ad5712d00
237,0Of0fM7dwXt3xQfQ0GKVpu,271549,False,42,0.649,0.68,0,-7.929,1,0.0759,0.497,0.102,0.0877,0.671,77.958,4,https://p.scdn.co/mp3-preview/66945525a8f29046bd8020d015541d0cf797f358?cid=28588cda247f4f599396da1ad5712d00
238,5KjmJJokL09RvKLfVQvDRc,261266,False,45,0.712,0.389,5,-14.63,1,0.0398,0.731,0.86,0.0758,0.7,90.004,4,https://p.scdn.co/mp3-preview/e79f41b60bea2e84a5f9a609a03651a6db1e27f1?cid=28588cda247f4f599396da1ad5712d00
240,7H8SthzNfUQphbs96I2Gfs,293595,False,41,0.607,0.852,4,-8.918,1,0.0303,0.318,0.703,0.0961,0.628,100.003,4,https://p.scdn.co/mp3-preview/432971dccaab3bebd98440b7460d29383bc909ba?cid=28588cda247f4f599396da1ad5712d00
241,0JsCPV8jpWK7lqUtgToOPr,270943,False,46,0.546,0.914,6,-4.772,0,0.0786,0.449,0.00661,0.115,0.929,93.513,4,https://p.scdn.co/mp3-preview/56be18c3c58df9b3ca924e12dc5464ffc8e9cf65?cid=28588cda247f4f599396da1ad5712d00
243,5gAbksSWP6H2gzdWpN21w9,223669,False,38,0.778,0.465,2,-9.669,1,0.0304,0.559,0.405,0.0528,0.61,100.004,4,https://p.scdn.co/mp3-preview/b75d28a4572adfd28e41178d46641287924c2a57?cid=28588cda247f4f599396da1ad5712d00
244,7EIASGWhdchNEwPYB3E1Nm,261866,False,50,0.396,0.562,4,-8.736,0,0.0365,0.124,0.926,0.109,0.294,81.49,4,https://p.scdn.co/mp3-preview/06a1cabf8dbff019a86769eb923efd9f36a8a956?cid=28588cda247f4f599396da1ad5712d00
245,4zfF62Jy2mtNCG2wlGy2VK,256973,False,51,0.562,0.83,9,-5.975,1,0.0324,0.0913,0.786,0.131,0.451,98.857,4,https://p.scdn.co/mp3-preview/fbcd22f108252f0a481617d2d7c4a68c77d9d6ec?cid=28588cda247f4f599396da1ad5712d00
246,6yLOYaqyHjHBiAIGwEj1Xt,236723,False,47,0.751,0.486,11,-8.161,0,0.0816,0.475,0.108,0.341,0.371,90.007,4,https://p.scdn.co/mp3-preview/20abef5c1d3c08208c0e351520150dfb0d5d063c?cid=28588cda247f4f599396da1ad5712d00
248,1IlYpZQazhts4PovkqbsUJ,251533,False,44,0.79,0.502,7,-12.717,1,0.0433,0.342,0.786,0.106,0.878,104.002,4,https://p.scdn.co/mp3-preview/7f7700fe2fdb8602a97fe7bc7069515b54350e08?cid=28588cda247f4f599396da1ad5712d00
249,4Euzf13sMD4iGIMmYxdrlW,223473,False,50,0.762,0.572,10,-7.744,0,0.0403,0.44,0.593,0.0731,0.688,96.622,4,https://p.scdn.co/mp3-preview/664a72c29fa32832a67e5a35e896fd564038b01f?cid=28588cda247f4f599396da1ad5712d00
251,5veFtBWMA7nbJhjSV18324,397413,False,41,0.543,0.407,5,-10.809,0,0.0283,0.864,0.757,0.0864,0.275,92.876,3,https://p.scdn.co/mp3-preview/cce02eaac12fe078f033ec46e09761e2f827fbdd?cid=28588cda247f4f599396da1ad5712d00
252,3u4MnqJj4jLCDnopFd4P2k,389666,False,28,0.388,0.564,6,-12.003,1,0.0326,0.896,0.88,0.102,0.282,111.966,5,https://p.scdn.co/mp3-preview/000e1a64372524f18be18c62531cd1e5b6d64ce5?cid=28588cda247f4f599396da1ad5712d00
254,1IDqUPAy6g3EkoglXH3Dzm,368301,False,25,0.506,0.471,5,-10.41,0,0.032,0.403,0.000102,0.159,0.56,115.966,4,https://p.scdn.co/mp3-preview/3993899be6ef6b3dfbe145e3cbb79bf3368fd77c?cid=28588cda247f4f599396da1ad5712d00
255,1SFpKguPS0HPfltfDnz4xv,227075,False,24,0.426,0.144,4,-20.814,0,0.0376,0.877,0.328,0.116,0.0553,106.099,4,https://p.scdn.co/mp3-preview/c55376a0c1b81e6952b9f86b96dec44a7d1331bc?cid=28588cda247f4f599396da1ad5712d00
257,6oH837pbuj8Q8jkCTM2aCx,262853,False,22,0.57,0.415,4,-10.832,0,0.0487,0.469,0.26,0.157,0.634,117.252,4,https://p.scdn.co/mp3-preview/d56d6e4c2ff9727600624704bd26edc4701ccf92?cid=28588cda247f4f599396da1ad5712d00
258,6XBFJ2OgAsxBSyrXkQL9tJ,360253,False,29,0.545,0.427,7,-12.351,1,0.0357,0.816,0.761,0.108,0.254,80.402,4,https://p.scdn.co/mp3-preview/b3745412036906a868701caa779d36dd59e057f2?cid=28588cda247f4f599396da1ad5712d00
259,6SPolz3zYNwjjCnQMo1aBv,243128,False,36,0.474,0.403,7,-7.784,0,0.119,0.837,0.0,0.219,0.496,71.835,4,https://p.scdn.co/mp3-preview/80b4b81f7c4ccf5e3dbcce5eb38cc454ae4e831d?cid=28588cda247f4f599396da1ad5712d00
260,2ylIg029KPylzuqwPD7W3Y,336770,False,23,0.485,0.378,9,-16.207,1,0.0532,0.815,0.895,0.102,0.234,106.048,3,https://p.scdn.co/mp3-preview/1fefe443e7b5b606bc3f5f58ea41f18ed1d9d193?cid=28588cda247f4f599396da1ad5712d00
261,4218RWAEKlBGJXJodN5xFJ,337253,False,42,0.353,0.596,3,-8.42,1,0.0408,0.339,0.578,0.0962,0.357,121.395,4,https://p.scdn.co/mp3-preview/b2a823107ee800cfe4c63bfc46229c5c5cd5d230?cid=28588cda247f4f599396da1ad5712d00
262,1PFPSYkwq4GtHaEbG5OuCb,317453,False,21,0.591,0.372,5,-10.877,0,0.0382,0.644,0.0218,0.0941,0.266,93.595,4,https://p.scdn.co/mp3-preview/18564aceba66bab1be02ddfa95c021ab69478c21?cid=28588cda247f4f599396da1ad5712d00
263,4Eg1vWoMHtqv0nJBId5wMr,392122,False,22,0.504,0.4,5,-12.873,0,0.0564,0.881,0.843,0.108,0.635,170.355,4,https://p.scdn.co/mp3-preview/dbc3b5c1d838070fd3a91feee83d168f03fa87bb?cid=28588cda247f4f599396da1ad5712d00
264,36ln3yTahNfQXXA1ft2fE8,588226,False,43,0.41,0.533,0,-11.4,1,0.0377,0.703,0.838,0.12,0.253,113.247,3,https://p.scdn.co/mp3-preview/459ce8c0ec4ee85be4a920af113725c81c2f9880?cid=28588cda247f4f599396da1ad5712d00
265,1Tc7jKqwdvoVFFdU5j9Pcm,436006,False,21,0.297,0.296,11,-9.978,1,0.0296,0.744,0.675,0.12,0.102,92.771,3,https://p.scdn.co/mp3-preview/7010d7eeeb9ab39eac39fe6ca4cc270806e60cd1?cid=28588cda247f4f599396da1ad5712d00
266,70m7f763dkDA0q3vDXhrn9,243760,False,39,0.384,0.31,8,-17.06,1,0.0301,0.83,0.604,0.112,0.53,94.791,3,https://p.scdn.co/mp3-preview/b59286a5ed4f9b8c0a6db73aa947db1d02974345?cid=28588cda247f4f599396da1ad5712d00
267,5EWy4ws3UhSZe4Ikig9nhe,614922,False,20,0.5,0.498,2,-14.215,1,0.0519,0.791,0.5,0.163,0.403,125.212,4,https://p.scdn.co/mp3-preview/f487fb20f58e8cb393a1a0029abdc852ef46c537?cid=28588cda247f4f599396da1ad5712d00
269,2WK328gSKWxDyJ0QQ89Yne,446800,False,19,0.455,0.33,11,-11.621,0,0.0322,0.705,0.0322,0.0764,0.36,122.024,3,https://p.scdn.co/mp3-preview/c1870d239bb8e8f568a764a7075b64bd485aa216?cid=28588cda247f4f599396da1ad5712d00
270,5UuItXgPKoQ9l0KuvbjmLG,287266,False,19,0.326,0.371,4,-14.91,0,0.028,0.705,0.925,0.147,0.347,77.792,1,https://p.scdn.co/mp3-preview/feb994757611d1a4478681c662b4881857ddeefb?cid=28588cda247f4f599396da1ad5712d00
271,1QdQWCEsnJH52SOseUgthn,327424,False,34,0.461,0.418,5,-9.561,0,0.0321,0.896,0.0459,0.0947,0.308,110.426,4,https://p.scdn.co/mp3-preview/4c70976e3f7bb7e991d51e4d22b4ced5e5866b60?cid=28588cda247f4f599396da1ad5712d00
272,0VCAv7neacyylka5Vz5w5o,235899,False,33,0.251,0.317,9,-14.403,1,0.0318,0.846,0.066,0.259,0.0939,104.586,4,https://p.scdn.co/mp3-preview/c3d02762058a1671c6434f365869d1c7b77b5343?cid=28588cda247f4f599396da1ad5712d00
273,0tP03zYmgYy1BE3yvlTtIm,295148,False,34,0.266,0.379,11,-15.049,0,0.034,0.3,0.742,0.104,0.276,204.006,3,https://p.scdn.co/mp3-preview/52dbad2b0fdd588479619a581a917d024af8e725?cid=28588cda247f4f599396da1ad5712d00
274,5Tw564wcqgZ3pUVRHNVuKA,226538,False,35,0.374,0.342,2,-15.607,1,0.0394,0.914,0.565,0.109,0.324,157.987,3,https://p.scdn.co/mp3-preview/267ec83e040b1bf3b426c57aec1565126df0c9d5?cid=28588cda247f4f599396da1ad5712d00
275,0ov31IE70Q3DMInIOfPg6L,396280,False,33,0.472,0.308,5,-12.398,1,0.0398,0.836,0.905,0.168,0.181,119.4,4,https://p.scdn.co/mp3-preview/a8464eda3e60e30c2d1638e1d2545c0128d8defb?cid=28588cda247f4f599396da1ad5712d00
276,6FVcb3jUCGL8wojjydt4e2,415160,False,38,0.433,0.638,8,-8.901,1,0.0516,0.202,0.0456,0.124,0.411,121.305,4,https://p.scdn.co/mp3-preview/d7adc3fa9ee6cbf199dc59e7831965edbf742f1e?cid=28588cda247f4f599396da1ad5712d00
278,6ctCbFqWP4HvwpL0Z2kTV4,307740,False,36,0.352,0.178,8,-20.52,0,0.0346,0.806,0.0506,0.0726,0.114,154.828,4,https://p.scdn.co/mp3-preview/7eb55180047e974c5e2b22a121e5a11a74213539?cid=28588cda247f4f599396da1ad5712d00
279,0lmJQCG07YQaJtRjXF5A9y,432086,False,44,0.369,0.487,11,-11.378,1,0.0294,0.881,0.893,0.124,0.192,98.283,3,https://p.scdn.co/mp3-preview/075ae4ce7c5a0cd532581cece9bff79f7e76cce2?cid=28588cda247f4f599396da1ad5712d00
280,4An9UP6jPeBqQQVxSQqU0z,227720,False,39,0.423,0.205,11,-22.032,0,0.0568,0.808,0.782,0.697,0.258,85.053,3,https://p.scdn.co/mp3-preview/9768271b94dbd0cad0da95a67cbf95d63e162fb4?cid=28588cda247f4f599396da1ad5712d00
281,7JizSiT4JQy6MvYRDyMKl2,622172,False,35,0.5,0.361,5,-16.023,0,0.0446,0.831,0.174,0.348,0.511,112.157,4,https://p.scdn.co/mp3-preview/6a5286161211084e926fef6571350734a3379d70?cid=28588cda247f4f599396da1ad5712d00
282,67RcsEqGDnKpsxwvDWPFXf,449773,False,38,0.449,0.209,4,-13.396,1,0.201,0.986,0.4,0.855,0.262,58.185,4,https://p.scdn.co/mp3-preview/13c954712ee4faab1774de653c6dab37921f5143?cid=28588cda247f4f599396da1ad5712d00
283,1bRWjTWmXOK56e1fTYJzm9,565160,False,37,0.375,0.407,8,-8.632,1,0.0486,0.584,0.277,0.242,0.241,83.145,4,https://p.scdn.co/mp3-preview/e2bc6c89e4ef5af64e7ac26b1428e81659f53f36?cid=28588cda247f4f599396da1ad5712d00
284,3QDbUKE9uDq4brNg6kc0QG,353280,False,30,0.372,0.615,0,-12.338,1,0.0389,0.088,0.838,0.681,0.164,116.437,4,https://p.scdn.co/mp3-preview/5050b0b10840b6bbb6ea5f4148eb9a91f48a9390?cid=28588cda247f4f599396da1ad5712d00
285,7xxu0R6eJcWzSfW2aFbohO,340476,False,37,0.528,0.418,3,-10.845,1,0.0364,0.947,0.698,0.129,0.486,129.297,4,https://p.scdn.co/mp3-preview/f87fc2b99243a97d9e948e71789409c5f0f9df6d?cid=28588cda247f4f599396da1ad5712d00
288,2PROAJUS8WCSliDsKrdzuF,316755,False,38,0.457,0.483,7,-10.766,1,0.0354,0.646,0.225,0.105,0.481,104.578,4,https://p.scdn.co/mp3-preview/de21e46d56121a183d61bba235efdd08972824b5?cid=28588cda247f4f599396da1ad5712d00
289,2SM5z1t2hPWjJyCFfxzpPl,418923,False,40,0.391,0.375,6,-12.465,1,0.0396,0.896,0.322,0.376,0.24,80.72,4,https://p.scdn.co/mp3-preview/c27910b20ba067c83efb21e3975a40c5f3ec8697?cid=28588cda247f4f599396da1ad5712d00
290,6n4T8H9fGEKfrGsgmUnI1V,426000,False,33,0.518,0.0692,9,-15.14,0,0.0343,0.984,0.908,0.127,0.122,109.544,4,https://p.scdn.co/mp3-preview/bec4beee29284913a7c08699b16ad60c33be66d3?cid=28588cda247f4f599396da1ad5712d00
292,3IsAnHQ7OajHIl2Tfioxpg,315480,False,33,0.553,0.33,0,-11.402,1,0.0593,0.974,0.867,0.679,0.477,107.12,3,https://p.scdn.co/mp3-preview/186829d8111d67014eed37bb5828dad248f6b423?cid=28588cda247f4f599396da1ad5712d00
293,5jCQ2XVla2PXk7qogIaXyc,419346,False,36,0.63,0.553,8,-9.628,1,0.0505,0.482,0.801,0.0596,0.513,148.964,4,https://p.scdn.co/mp3-preview/ae73fb8b34c5938bc5a35f4b19db2e5ee353ff95?cid=28588cda247f4f599396da1ad5712d00
294,2sLWv2KzHcqUnLcbdjL1Hi,382596,False,38,0.416,0.423,5,-11.032,0,0.0356,0.907,0.642,0.11,0.392,129.793,4,https://p.scdn.co/mp3-preview/85cbe4ecc142813c1ef1be38f3e8c394d557bd71?cid=28588cda247f4f599396da1ad5712d00
295,3C7iZbonpl8guBGDOaZw5V,234226,False,36,0.521,0.104,0,-20.187,0,0.0358,0.821,0.944,0.144,0.0455,109.932,4,https://p.scdn.co/mp3-preview/de082891c56e1c35a57495412256d189ab70377b?cid=28588cda247f4f599396da1ad5712d00
296,1KgxDnm8inkMwLbuvJMaxV,364235,False,35,0.458,0.202,3,-14.898,1,0.0369,0.848,0.503,0.261,0.0399,123.432,4,https://p.scdn.co/mp3-preview/c2fb5c4062f046342d9952a66727c9cf3dced565?cid=28588cda247f4f599396da1ad5712d00
297,3djYspll15Mm2azjKSV55Y,322693,False,45,0.5,0.21,8,-15.766,0,0.0304,0.921,0.84,0.0922,0.12,108.178,4,https://p.scdn.co/mp3-preview/8d16d4532bbf6d42d49e24bfd731ba7b8b4b2a72?cid=28588cda247f4f599396da1ad5712d00
298,1WyRt9z1rjFnKAV6U0zUj3,363392,False,53,0.386,0.212,5,-16.472,0,0.0378,0.902,0.6,0.0603,0.217,143.358,4,https://p.scdn.co/mp3-preview/4ba74a0eafa8d7de59190b4c08b10da6f42bae21?cid=28588cda247f4f599396da1ad5712d00
301,0GwhVXuDlhYUmDFVpFp2O8,513400,False,36,0.429,0.268,11,-15.218,1,0.0477,0.275,0.333,0.259,0.507,175.726,3,https://p.scdn.co/mp3-preview/6f92bebd6d6ca9768fc5a9e631c982384590366c?cid=28588cda247f4f599396da1ad5712d00
302,0i9ZEV3rMwFZ7J5Ph6ztDL,363966,False,33,0.503,0.491,9,-10.291,0,0.062,0.0468,0.817,0.104,0.532,119.355,3,https://p.scdn.co/mp3-preview/35315e0cd3771ab5b9d08bfa5067e969da906e8f?cid=28588cda247f4f599396da1ad5712d00
303,5Pnj7upUtbxav0LNu4v5lX,295273,False,33,0.624,0.328,8,-16.831,1,0.0352,0.867,0.892,0.119,0.667,105.994,4,https://p.scdn.co/mp3-preview/2346196e4462b5051391cb671965c21dbcbd46b3?cid=28588cda247f4f599396da1ad5712d00
304,0PjFNa2id68zct3GauKkaJ,363082,False,36,0.395,0.509,1,-10.791,1,0.0297,0.257,0.0503,0.184,0.405,87.017,4,https://p.scdn.co/mp3-preview/18e6731ecfefce3f93884385f75c2139f434c94d?cid=28588cda247f4f599396da1ad5712d00
305,5U83mRCwb9B4NfkkyzgupF,283296,False,39,0.455,0.549,5,-7.048,0,0.0556,0.329,0.789,0.146,0.638,104.391,3,https://p.scdn.co/mp3-preview/a94c0f3d85334ae1c3375c627b202153ac2cd6d2?cid=28588cda247f4f599396da1ad5712d00
306,43xKwOD7fRyVRUZgShYtl9,360960,False,34,0.62,0.143,10,-15.788,1,0.111,0.912,0.331,0.779,0.598,119.742,4,https://p.scdn.co/mp3-preview/19d5cb5d4398b51cd2a5dca020b22eb7813e0ee1?cid=28588cda247f4f599396da1ad5712d00
307,1g7rgX9pVMUfGgjj33OaMN,111672,False,32,0.567,0.179,11,-25.665,0,0.222,0.332,0.0488,0.116,0.653,102.329,4,https://p.scdn.co/mp3-preview/884279807b6a5aa528f0c4b96a909537df10ffb9?cid=28588cda247f4f599396da1ad5712d00
308,1sNT1oVWEgR7MCqPE7YzOm,458332,False,32,0.411,0.228,0,-20.524,1,0.0372,0.725,0.902,0.215,0.16,129.882,4,https://p.scdn.co/mp3-preview/c786761564e215fcae8aec69dc27b427f06ef923?cid=28588cda247f4f599396da1ad5712d00
309,5Wr8HhcfxLg9siRtepTVXZ,320000,False,35,0.523,0.657,5,-8.577,1,0.0421,0.659,0.764,0.116,0.489,91.768,4,https://p.scdn.co/mp3-preview/6a379b15714855ed99c3a5bfa3a4ce54b784a975?cid=28588cda247f4f599396da1ad5712d00
